<?xml version="1.0" encoding="utf-8"?>
<extension version="2.5" type="plugin" group="rdmedia" method="upgrade">
        <name>RDMedia Authorized net Plugin</name>
        <author>Robert Dam</author>
        <creationDate>12-05-2013</creationDate>
        <copyright>Copyright (C) 2012 Holder. All rights reserved.</copyright>
        <license>GNU General Public License</license>
        <authorEmail>info@rd-media.org</authorEmail>
        <authorUrl>rd-media.org</authorUrl>
        <version>3.0.0</version>
        <description><![CDATA[
			Testing this authorized.net plugin is very easy. <br />
			First of all you need a test account at Authorized.net, after that you can test with these cards:<br />
			<br />
			<table width="85%" border="0" cellspacing="1" cellpadding="1">
			  <tr>
				<td>Cardnumber</td>
				<td>Card type</td>
				<td>Authorized Answer</td>
			  </tr>
			  <tr>
				<td>4007000000027</td>
				<td>Visa</td>
				<td>Returns Payment OK</td>
			  </tr>
			  <tr>
				<td>370000000000002</td>
				<td>American Express</td>
				<td>Returns Payment OK</td>
			  </tr>
			  <tr>
				<td>6011000000000012</td>
				<td>Discover</td>
				<td>Returns Payment OK</td>
			  </tr>
			  <tr>
				<td>5424000000000015</td>
				<td>Mastercard</td>
				<td>Returns Payment OK</td>
			  </tr>
			  <tr>
				<td>4222222222222</td>
				<td>Test Card</td>
				<td>Returns Payment Failed</td>
			  </tr>
			</table>
		]]>
		</description>
		
		<files>
			<filename plugin="authorized">authorized.php</filename>
			<folder>rdmedia_authorized</folder>
		</files>
		
		<languages>
			<language tag="en-GB">language/en-GB.plg_rdmedia_authorized.sys.ini</language>
			<language tag="en-GB">language/en-GB.plg_rdmedia_authorized.ini</language>
		</languages>

	<config>
		<fields name="params">
		
			<fieldset name="basic">
				<field name="x_login" type="text"
					default=""
					size="50"
					description="PLG_AUTHORIZED_ENTER_YOUR_APILOGIN_ID_DESC"
					label="PLG_AUTHORIZED_ENTER_YOUR_APILOGIN_ID"
				/>			
				
				<field name="x_tran_key" type="text"
					default="0"
					size="50"
					description="PLG_AUTHORIZED_ENTER_YOUR_TRANSACTION_KEY_DESC"
					label="PLG_AUTHORIZED_ENTER_YOUR_TRANSACTION_KEY"
				/>
				
				<field name="infobox" type="text"
					default="0"
					size="50"
					description="PLG_AUTHORIZED_ENTER_DESCRIPTION_DESC"
					label="PLG_AUTHORIZED_ENTER_YOUR_TRANSACTION_DESCRIPTION"
				/>					
					
				<field name="sandbox_on" type="list"
					default="0"
					description="PLG_AUTHORIZED_DEVLOPMENT_MODE_DESC"
					label="PLG_AUTHORIZED_DEVLOPMENT_MODE"
				>
					<option value="0">JOFF</option>
					<option value="1">JON</option>
				</field>	

				<field name="dump_sent_fields" type="list"
					default="0"
					description="PLG_AUTHORIZED_DUMP_SENT_FIELDS_DESC"
					label="PLG_AUTHORIZED_DUMP_SENT_FIELDS"
				>
					<option value="0">JOFF</option>
					<option value="1">JON</option>
				</field>	
				
				<field name="dump_response" type="list"
					default="0"
					description="PLG_AUTHORIZED_DUMP_RESPONSE_DESC"
					label="PLG_AUTHORIZED_DUMP_RESPONSE"
				>
					<option value="0">JOFF</option>
					<option value="1">JON</option>
				</field>				

				<field name="failure_tpl" type="text"
					default="0"
					size="15"
					description="PLG_AUTHORIZED_FAILED_MESSAGE_DESC"
					label="PLG_AUTHORIZED_FAILED_MESSAGE"
				/>	

				<field name="success_tpl" type="text"
					default="0"
					size="15"
					description="PLG_AUTHORIZED_SUCCESS_MESSAGE_DESC"
					label="PLG_AUTHORIZED_SUCCESS_MESSAGE"
				/>				
				
			</fieldset>
			
		</fields>
	</config>

</extension>