<?xml version="1.0" encoding="utf-8"?>
<extension version="2.5" type="plugin" group="system" method="upgrade">

	<name>System - Ticketmaster Cleaner</name>
	<author>RD-Media</author>
	<creationDate>12-10-2013</creationDate>
	<copyright>Copyright (C) 2012 www.rd-media.org All rights reserved.</copyright>
	<license>GNU General Public License</license>
	<authorEmail>sales@rd-media.org</authorEmail>
	<authorUrl>www.rd-media.or</authorUrl>
	<version>3.0.4</version>
	<description>This plugin will unpublish tickets with a salestopper and remove unfinished orders. YTo keep your ticket totals up to date, you should install this plugin and publish it right away. Happy selling!!</description>

	<files>
		<filename plugin="ticketmaster">ticketmaster.php</filename>
	</files>

</extension>
